N,train_acc,test_accs
1,0.39445289804952277,0.4268823895457374
2,0.5610042882833034,0.5650280024891101
3,0.6401300318162955,0.6403235843186061
4,0.6758887812975515,0.6695706285003111
5,0.7024484714345,0.6932171748599876
6,0.7310831373633975,0.7187305538270068
7,0.7525245538802048,0.7429993777224643
8,0.76331442799834,0.7517112632233977
9,0.7718218287453313,0.760423148724331
10,0.7831650297413196,0.7741132545115121
