N,train_acc,test_accs
1,0.18384285516668972,0.1910392034847542
2,0.2877991423433393,0.29744866210329807
3,0.3873288144971642,0.3864343497199751
4,0.45331304468114536,0.4523957685127567
5,0.5084382348872597,0.5040448039825762
6,0.5594826393692074,0.5488487865588052
7,0.5879789735786416,0.581207218419415
8,0.6121870244847143,0.6004978220286248
9,0.6318301286484991,0.6260112009956441
10,0.6500207497579195,0.6465463596764157
