exp_name,svc_type,train_acc,test_acc
Count_NoNorm,LibLinear,0.9186666666666666,0.7933333333333333
Count_NoNorm,Poly,0.6786666666666666,0.6766666666666666
Count_NoNorm,RBF,0.6696666666666666,0.67
TFIDF_NoNorm,LibLinear,0.954,0.8533333333333334
TFIDF_NoNorm,Poly,0.973,0.8633333333333333
TFIDF_NoNorm,RBF,0.96,0.9333333333333333
